Book Id,Title,Author,Author l-f,Additional Authors,ISBN,ISBN13,My Rating,Average Rating,Publisher,Binding,Number of Pages,Year Published,Original Publication Year,Date Read,Date Added,Bookshelves,Bookshelves with positions,Exclusive Shelf,My Review,Spoiler,Private Notes,Read Count,Owned Copies
220223963,Not Quite Dead Yet,Holly  Jackson,"Jackson, Holly",,"=""059397705X""","=""9780593977057""",0,4.03,Bantam,Hardcover,392,2025,2025,2026/02/21,2026/02/21,,,read,,,,1,0
238365535,Dear Debbie,Freida McFadden,"McFadden, Freida",,"=""1464249628""","=""9781464249624""",0,4.05,Poisoned Pen Press,Paperback,336,2026,2026,2026/02/19,2026/02/18,,,read,,,,1,0
231127462,My Husband's Wife,Alice Feeney,"Feeney, Alice",,"=""125033781X""","=""9781250337818""",0,4.19,Flatiron Books: Pine & Cedar,Hardcover,310,2026,2026,2026/02/18,2026/02/18,,,read,,,,1,0
2142,Blink,Ted Dekker,"Dekker, Ted",,"=""0849945119""","=""9780849945113""",0,4.14,W Pub Group,Paperback,389,2004,2002,2026/02/15,2026/02/12,,,read,,,,1,0
125963,Thr3e,Ted Dekker,"Dekker, Ted",,"=""1595543414""","=""9781595543417""",0,4.07,Westbow Pr,Paperback,423,2006,2003,2026/02/12,2026/02/12,,,read,,,,1,0
215998781,It Should Have Been You,Andrea Mara,"Mara, Andrea",,"=""1529927803""","=""9781529927801""",0,3.89,Transworld Digital,Kindle Edition,386,2025,2026,2026/02/10,2026/02/03,,,read,,,,1,0
57937453,All Her Fault,Andrea Mara,"Mara, Andrea",,"=""1473589444""","=""9781473589445""",0,4.12,Transworld Digital,Kindle Edition,389,2021,2021,2026/02/08,2026/02/03,,,read,,,,1,0
231681636,A Box Full of Darkness,Simone St. James,"James, Simone St.",,"=""0593200411""","=""9780593200414""",0,3.84,Berkley,Hardcover,352,2026,2026,,2026/02/05,to-read,to-read (#34),to-read,,,,0,0
8664353,"Unbroken: A World War II Story of Survival, Resilience and Redemption",Laura Hillenbrand,"Hillenbrand, Laura",,"=""1400064163""","=""9781400064168""",0,4.39,Random House,Hardcover,475,2010,2010,,2025/03/20,,,read,,,,2,0
143704302,The Girls in the Cabin,Caleb  Stephens,"Stephens, Caleb",,"=""1804058866""","=""9781804058862""",0,3.81,Joffe Books,Kindle Edition,314,2023,2023,2026/02/01,2026/02/01,,,read,,,,1,0
59344312,Verity,Colleen Hoover,"Hoover, Colleen",,"=""153872474X""","=""9781538724743""",0,4.29,Grand Central Publishing,ebook,336,2021,2018,2026/01/30,2026/01/30,,,read,,,,1,0
59808050,Daisy Darker,Alice Feeney,"Feeney, Alice",,"=""1250843936""","=""9781250843937""",0,3.76,Flatiron Books,Hardcover,352,2022,2022,2026/01/29,2026/01/29,,,read,,,,1,0
56269064,Rock Paper Scissors,Alice Feeney,"Feeney, Alice",,"=""1250266106""","=""9781250266101""",0,3.88,Flatiron Books,Hardcover,294,2021,2021,2026/01/27,2026/01/26,,,read,,,,1,0
45885495,His & Hers,Alice Feeney,"Feeney, Alice",,"=""1250266076""","=""9781250266071""",0,4.10,Flatiron Books,Hardcover,304,2020,2020,2026/01/21,2026/01/13,,,read,,,,1,0
830502,It,Stephen  King,"King, Stephen",,"=""0450411435""","=""9780450411434""",0,4.24,New English Library,Paperback,1184,1987,1986,2026/01/17,2025/04/03,,,read,,,,2,0
243602648,The Shockwave Manifesto: A Sadie Gray FBI Mystery Series,R.B. Schow,"Schow, R.B.",Bailey James,"=""""","=""""",0,4.62,River City Publishing,Kindle Edition,327,2026,,,2026/01/19,to-read,to-read (#33),to-read,,,,0,0
43933,Tell No One,Harlan Coben,"Coben, Harlan",,"=""0440236703""","=""9780440236702""",0,4.06,Dell Publishing Company,Mass Market Paperback,370,2009,2001,2026/01/09,2026/01/09,,,read,,,,1,0
44781614,Run Away,Harlan Coben,"Coben, Harlan",,"=""1780894260""","=""9781780894263""",0,4.06,Century,Paperback,384,2019,2019,2026/01/08,2026/01/08,,,read,,,,1,0
59817247,Do You Remember?,Freida McFadden,"McFadden, Freida",,"=""""","=""""",0,3.92,Hollywood Upstairs Press,Kindle Edition,334,2022,2022,2026/01/05,2026/01/05,,,read,,,,1,0
52636419,The Wife Upstairs,Freida McFadden,"McFadden, Freida",,"=""""","=""""",0,4.03,Hollywood Upstairs Press,Kindle Edition,382,2020,2020,2026/01/04,2026/01/04,,,read,,,,1,0
60109530,Keep It in the Family,John Marrs,"Marrs, John",,"=""1542017289""","=""9781542017282""",0,4.07,Thomas & Mercer,Kindle Edition,380,2022,2022,2026/01/03,2025/12/30,,,read,,,,1,0
51497008,What Lies Between Us,John Marrs,"Marrs, John",,"=""1542017017""","=""9781542017015""",0,4.01,Thomas & Mercer,Kindle Edition,381,2020,2020,,2025/12/30,,,read,,,,2,0
233860599,When You Disappeared,John Marrs,"Marrs, John",,"=""1662533314""","=""9781662533310""",0,3.92,Thomas & Mercer,Kindle Edition,375,2025,2013,,2025/12/30,to-read,to-read (#32),to-read,,,,0,0
141236527,The Stranger in Her House,John Marrs,"Marrs, John",,"=""1662506473""","=""9781662506475""",0,3.94,Thomas & Mercer,Kindle Edition,347,2024,2024,,2025/12/30,to-read,to-read (#31),to-read,,,,0,0
40670312,The One,John Marrs,"Marrs, John",,"=""""","=""""",0,4.09,Hanover Square Press,ebook,418,2018,2016,,2025/12/30,to-read,to-read (#30),to-read,,,,0,0
18007564,The Martian,Andy Weir,"Weir, Andy",,"=""0804139024""","=""9780804139021""",0,4.42,Crown Publishers,Hardcover,369,2014,2011,2025/12/30,2025/12/30,,,read,,,,1,0
54493401,Project Hail Mary,Andy Weir,"Weir, Andy",,"=""0593135202""","=""9780593135204""",0,4.50,Ballantine Books,Hardcover,476,2021,2021,2025/12/27,2025/12/24,,,read,,,,1,0
194020321,Home Is Where the Bodies Are,Jeneva Rose,"Rose, Jeneva",,"=""""","=""9798212182843""",0,3.80,"Blackstone Publishing, Inc.",Hardcover,256,2024,2024,,2025/12/24,to-read,to-read (#29),to-read,,,,0,0
212130028,Going Home in the Dark,Dean Koontz,"Koontz, Dean",,"=""1662500521""","=""9781662500527""",0,3.49,Thomas & Mercer,Kindle Edition,399,2025,2025,,2025/12/24,to-read,to-read (#28),to-read,,,,0,0
231127223,Wild Dark Shore,Charlotte McConaghy,"McConaghy, Charlotte",,"=""1250828015""","=""9781250828019""",0,4.11,Flatiron Books,Paperback,320,2026,2025,,2025/12/24,to-read,to-read (#27),to-read,,,,0,0
229004506,The Widow,John Grisham,"Grisham, John",,"=""0385548982""","=""9780385548984""",0,4.12,Doubleday,Hardcover,416,2025,2025,,2025/12/24,to-read,to-read (#26),to-read,,,,0,0
29354916,"The Whistler (The Whistler, #1)",John Grisham,"Grisham, John",,"=""0385541201""","=""9780385541206""",0,3.97,Vintage,Kindle Edition,424,2016,2016,2025/12/23,2025/12/18,,,read,,,,1,0
5350,The Partner,John Grisham,"Grisham, John",,"=""0385339100""","=""9780385339100""",0,3.98,Delta,Paperback,416,2005,1997,,2025/12/18,to-read,to-read (#25),to-read,,,,0,0
32499,The Pelican Brief,John Grisham,"Grisham, John",,"=""0385339704""","=""9780385339704""",0,4.06,Delta,Paperback,400,2006,1992,,2025/12/18,to-read,to-read (#24),to-read,,,,0,0
5359,The Client,John Grisham,"Grisham, John",,"=""0385339089""","=""9780385339087""",0,4.06,Delta Trade Paperbacks,Paperback,483,2005,1993,,2025/12/18,to-read,to-read (#23),to-read,,,,0,0
32542,"A Time to Kill (Jake Brigance, #1)",John Grisham,"Grisham, John",,"=""""","=""""",0,4.12,Dell,Mass Market Paperback,738,2004,1989,,2025/12/18,to-read,to-read (#22),to-read,,,,0,0
61458888,You Shouldn't Have Come Here,Jeneva Rose,"Rose, Jeneva",,"=""""","=""9798212182805""",0,3.36,Blackstone Publishing,Hardcover,292,2023,2023,2025/12/17,2025/12/11,,,read,,,,1,0
228142779,Haven't Killed in Years,Amy K. Green,"Green, Amy K.",,"=""0593953495""","=""9780593953495""",0,3.60,Berkley,Hardcover,368,2025,2025,2025/12/16,2025/12/11,,,read,,,,1,0
199117114,"Beyond Her Reach (Bree Taggert, #10)",Melinda Leigh,"Leigh, Melinda",,"=""1662516975""","=""9781662516979""",0,4.51,Montlake,Kindle Edition,312,2025,2025,,2025/12/16,to-read,to-read (#21),to-read,,,,0,0
60829269,All the Dangerous Things,Stacy Willingham,"Willingham, Stacy",,"=""1250803861""","=""9781250803863""",0,4.04,Minotaur Books,Kindle Edition,320,2023,2023,2025/12/10,2025/12/05,,,read,,,,1,0
204163938,A Flicker in the Dark,Stacy Willingham,"Willingham, Stacy",,"=""""","=""""",0,3.97,Minotaur Books,Kindle Edition,375,2022,2022,2025/12/04,2025/12/01,,,read,,,,1,0
2373,"The Bone Collector (Lincoln Rhyme, #1)",Jeffery Deaver,"Deaver, Jeffery",,"=""0451188454""","=""9780451188458""",0,4.20,Signet Book,Mass Market Paperback,528,1998,1997,,2025/12/01,to-read,to-read (#20),to-read,,,,0,0
216351856,"The Maid's Secret (Molly the Maid, #3)",Nita Prose,"Prose, Nita",,"=""0593875419""","=""9780593875414""",0,3.87,Ballantine Books,Hardcover,336,2025,2025,2025/12/01,2025/12/01,,,read,,,,1,0
157062582,"The Mystery Guest (Molly the Maid, #2)",Nita Prose,"Prose, Nita",,"=""0593356187""","=""9780593356180""",0,3.79,Ballantine Books,Hardcover,293,2023,2023,2025/11/28,2025/11/14,,,read,,,,1,0
223889699,"The Secret of Secrets (Robert Langdon, #6)",Dan    Brown,"Brown, Dan",,"=""0385546890""","=""9780385546898""",0,3.94,Doubleday,Hardcover,677,2025,2025,2025/11/21,2025/04/07,,,read,,,,1,0
213890792,Presumed Guilty (Kindle County #13; Presumed Innocent #3),Scott Turow,"Turow, Scott",,"=""1538706369""","=""9781538706367""",0,4.34,Grand Central Publishing,Hardcover,544,2025,2025,2025/11/17,2025/11/18,,,read,,,,1,0
55196813,"The Maid (Molly the Maid, #1)",Nita Prose,"Prose, Nita",,"=""0593356152""","=""9780593356159""",0,3.75,Ballantine Books,Hardcover,289,2022,2022,2025/11/14,2025/11/14,,,read,,,,1,0
45300567,The Maidens,Alex Michaelides,"Michaelides, Alex",,"=""1250304458""","=""9781250304452""",0,3.61,Celadon Books,Hardcover,337,2021,2021,,2025/11/14,to-read,to-read (#19),to-read,,,,0,0
40389527,The Woman in the Window,A.J. Finn,"Finn, A.J.",,"=""""","=""""",0,3.94,William Morrow,Kindle Edition,455,2018,2018,,2025/07/07,to-read,to-read (#18),to-read,,,,1,0
5886881,Dark Places,Gillian Flynn,"Flynn, Gillian",,"=""0307341569""","=""9780307341563""",0,3.94,Shaye Areheart Books,Hardcover,424,2009,2009,2025/11/02,2025/10/31,,,read,,,,1,0
57003725,Don't Believe Her,Jane Heafield,"Heafield, Jane",,"=""""","=""""",0,3.88,,Kindle Edition,,2021,2021,,2025/10/25,,,read,,,,2,0
217232622,Don't Believe Her,Nicola Sanders,"Sanders, Nicola",,"=""1763659917""","=""9781763659919""",0,3.99,,Kindle Edition,302,2024,2024,,2025/07/07,,,read,,,,2,0
18045891,Sharp Objects,Gillian Flynn,"Flynn, Gillian",,"=""0297851535""","=""9780297851530""",0,4.01,Broadway Paperbacks,Paperback,254,2007,2006,,2025/10/31,,,read,,,,2,0
216247500,Lethal Prey (Lucas Davenport #35; Virgil Flowers #16),John Sandford,"Sandford, John",,"=""0593718402""","=""9780593718407""",0,4.21,G.P. Putnam's Sons,Hardcover,400,2025,2025,,2025/10/29,to-read,to-read (#17),to-read,,,,0,0
33151805,Into the Water,Paula Hawkins,"Hawkins, Paula",,"=""0735211205""","=""9780735211209""",0,3.59,Riverhead Books,Hardcover,386,2017,2017,,2025/10/28,to-read,to-read (#16),to-read,,,,0,0
59350074,The Surrogate,Freida McFadden,"McFadden, Freida",,"=""""","=""""",0,3.91,Hollywood Upstairs Press,Kindle Edition,342,2018,2018,2025/10/12,2025/10/11,,,read,,,,1,0
56213354,A Slow Fire Burning,Paula Hawkins,"Hawkins, Paula",,"=""073521123X""","=""9780735211230""",0,3.50,Riverhead Books,Hardcover,307,2021,2021,,2025/10/11,to-read,to-read (#15),to-read,,,,0,0
220195620,The Break-In,Katherine Faulkner,"Faulkner, Katherine",,"=""1668024837""","=""9781668024836""",0,3.78,Gallery/Scout Press,Kindle Edition,400,2025,2025,,2025/10/11,to-read,to-read (#14),to-read,,,,0,0
232571861,The Intruder,Freida McFadden,"McFadden, Freida",,"=""""","=""""",0,3.89,Hollywood Upstairs Press,Kindle Edition,292,2025,2025,2025/10/08,2025/10/08,,,read,,,,1,0
58468990,The Paris Apartment,Lucy Foley,"Foley, Lucy",,"=""0063003058""","=""9780063003057""",0,3.64,William Morrow,Hardcover,360,2022,2022,2025/10/08,2025/10/07,,,read,,,,1,0
30267977,"Find Her (Detective D.D. Warren, #8)",Lisa Gardner,"Gardner, Lisa",,"=""0451477162""","=""9780451477163""",0,4.16,Dutton ,Mass Market Paperback,432,2016,2016,,2025/08/04,to-read,to-read (#13),to-read,,,,0,0
56047352,Want to Know a Secret?,Freida McFadden,"McFadden, Freida",,"=""""","=""""",0,3.92,Hollywood Upstairs Press,Kindle Edition,398,2021,2021,2025/07/05,2025/07/04,,,read,,,,1,0
220160814,Don't Let Him In,Lisa Jewell,"Jewell, Lisa",,"=""1668033879""","=""9781668033876""",0,3.76,Atria Books,Hardcover,361,2025,2025,,2025/07/03,to-read,to-read (#12),to-read,,,,0,0
30108909,Brain Damage,Freida McFadden,"McFadden, Freida",,"=""""","=""""",0,3.97,Hollywood Upstairs Publishing,Kindle Edition,394,2016,2016,2025/07/02,2025/06/30,,,read,,,,1,0
58778536,Do Not Disturb,Freida McFadden,"McFadden, Freida",,"=""""","=""""",0,3.90,Hollywood Upstairs Publishing,Kindle Edition,325,2021,2021,2025/06/29,2025/06/27,,,read,,,,1,0
161380710,The Coworker,Freida McFadden,"McFadden, Freida",,"=""""","=""""",0,3.74,Hollywood Upstairs Press,Kindle Edition,370,2023,2023,2025/06/27,2025/06/25,,,read,,,,1,0
43531101,The Ex,Freida McFadden,"McFadden, Freida",,"=""""","=""""",0,3.85,Hollywood Upstairs Publishing,Kindle Edition,347,2019,2019,2025/06/25,2025/06/24,,,read,,,,1,0
62334530,None of This Is True,Lisa Jewell,"Jewell, Lisa",,"=""1982179007""","=""9781982179007""",0,4.07,Atria Books,Hardcover,390,2023,2023,2025/06/24,2025/04/12,,,read,,,,1,0
43822820,"The Family Upstairs (The Family Upstairs, #1)",Lisa Jewell,"Jewell, Lisa",,"=""1501190105""","=""9781501190100""",0,3.95,Atria Books,Hardcover,352,2019,2019,,2025/06/22,to-read,to-read (#11),to-read,,,,0,0
215043592,Dead Med,Freida McFadden,"McFadden, Freida",,"=""""","=""""",0,3.82,Hollywood Upstairs Press,Kindle Edition,474,2024,,2025/06/22,2025/06/20,,,read,,,,1,0
54197718,One by One,Freida McFadden,"McFadden, Freida",,"=""""","=""""",0,3.84,Hollywood Upstairs Press,Kindle Edition,295,2020,2020,2025/06/13,2025/06/11,,,read,,,,1,0
57795665,The Locked Door,Freida McFadden,"McFadden, Freida",,"=""""","=""""",0,3.98,Hollywood Upstairs Press,Kindle Edition,313,2021,2021,2025/06/13,2025/06/04,,,read,,,,1,0
230824619,"Death Row (Alibis Collection, #1)",Freida McFadden,"McFadden, Freida",,"=""1662532261""","=""9781662532269""",0,3.53,Amazon Original Stories,Kindle Edition,74,2025,2025,2025/06/11,2025/06/04,,,read,,,,1,0
61149872,The Inmate,Freida McFadden,"McFadden, Freida",,"=""""","=""""",0,4.00,Hollywood Upstairs Press ,Kindle Edition,388,2022,2022,2025/06/10,2025/05/09,,,read,,,,1,0
52616342,The Perfect Son,Freida McFadden,"McFadden, Freida",,"=""""","=""""",0,4.00,Hollywood Upstairs Press,Kindle Edition,373,2019,2019,2025/06/09,2025/05/09,,,read,,,,1,0
221997992,The Perfect Marriage,Jeneva Rose,"Rose, Jeneva",,"=""""","=""""",0,3.97,Corner Star Press,Kindle Edition,368,2024,2020,2025/06/08,2025/05/21,,,read,,,,1,0
222564068,The Tenant,Freida McFadden,"McFadden, Freida",,"=""""","=""""",0,3.83,Hollywood Upstairs Press,Kindle Edition,372,2025,2025,2025/05/16,2025/05/16,,,read,,,,1,0
216188969,The Crash,Freida McFadden,"McFadden, Freida",,"=""""","=""""",0,3.69,Hollywood Upstairs Press,Kindle Edition,388,2025,2025,2025/05/03,2025/05/01,,,read,,,,1,0
123193218,Ward D,Freida McFadden,"McFadden, Freida",,"=""""","=""""",0,3.96,Hollywood Upstairs Press,Kindle Edition,348,2023,2023,2025/04/29,2025/04/27,,,read,,,,1,0
721003,"Peak (Peak, #1)",Roland Smith,"Smith, Roland",,"=""0152024174""","=""9780152024178""",0,3.97,Clarion Books,Hardcover,246,2007,,,2025/04/28,,,read,,,,1,0
62080187,Never Lie,Freida McFadden,"McFadden, Freida",,"=""""","=""""",0,4.08,Hollywood Upstairs Press,Kindle Edition,286,2022,2022,2025/04/25,2025/04/25,,,read,,,,1,0
61392438,I Will Find You,Harlan Coben,"Coben, Harlan",,"=""""","=""""",0,4.13,Grand Central Publishing,Kindle Edition,400,2023,2023,2025/04/24,2025/04/24,,,read,,,,1,0
198218463,The Teacher,Freida McFadden,"McFadden, Freida",,"=""""","=""""",0,3.89,Hollywood Upstairs Press,Kindle Edition,402,2024,2024,2025/04/23,2025/04/22,,,read,,,,1,0
209950981,The Boyfriend,Freida McFadden,"McFadden, Freida",,"=""""","=""""",0,4.03,Hollywood Upstairs Press,Kindle Edition,370,2024,2024,2025/04/22,2025/04/22,,,read,,,,1,0
199228303,"The Housemaid Is Watching (The Housemaid, #3)",Freida McFadden,"McFadden, Freida",,"=""183525229X""","=""9781835252291""",0,3.86,Bookouture,Kindle Edition,402,2024,2024,2025/04/21,2025/04/21,,,read,,,,1,0
62848145,"The Housemaid's Secret (The Housemaid, #2)",Freida McFadden,"McFadden, Freida",,"=""1837901317""","=""9781837901319""",0,4.16,Bookouture,Kindle Edition,311,2023,2023,2025/04/21,2025/04/20,,,read,,,,1,0
60556912,"The Housemaid (The Housemaid, #1)",Freida McFadden,"McFadden, Freida",,"=""1803144378""","=""9781803144375""",0,4.27,Bookouture,Kindle Edition,329,2022,2022,2025/04/20,2025/04/08,,,read,,,,1,0
40874325,The Shack: Where Tragedy Confronts Eternity,William Paul Young,"Young, William Paul",,"=""""","=""""",0,3.84,Windblown Media,Kindle Edition,294,2008,2007,,2025/04/20,to-read,to-read (#10),to-read,,,,0,0
29437949,Behind Closed Doors,B.A. Paris,"Paris, B.A.",,"=""1250121000""","=""9781250121004""",0,3.97,St. Martin's Press,Hardcover,293,2016,2016,2025/04/19,2025/04/18,,,read,,,,1,0
249747,"Artemis Fowl (Artemis Fowl, #1)",Eoin Colfer,"Colfer, Eoin",,"=""""","=""""",0,3.86,Miramax,Paperback,396,2003,2001,2025/04/18,2025/04/18,,,read,,,,1,0
217394492,"Nobody’s Fool (Detective Sami Kierce, #2)",Harlan Coben,"Coben, Harlan",,"=""1538756358""","=""9781538756355""",0,4.20,Grand Central Publishing,Hardcover,341,2025,2025,,2025/04/14,to-read,to-read (#9),to-read,,,,0,0
7735333,"Matched (Matched, #1)",Ally Condie,"Condie, Ally",,"=""0525423648""","=""9780525423645""",0,3.62,Dutton Books for Young Readers,Hardcover,369,2010,2010,,2025/04/14,to-read,to-read (#8),to-read,,,,1,0
113436,Eragon (The Inheritance Cycle #1),Christopher Paolini,"Paolini, Christopher",,"=""0375826696""","=""9780375826696""",0,3.97,Alfred A. Knopf,Paperback,503,2005,2002,,2025/04/14,to-read,to-read (#7),to-read,,,,1,0
18710190,"Allegiant (Divergent, #3)",Veronica Roth,"Roth, Veronica",,"=""0007524277""","=""9780007524273""",0,3.60,HarperCollins Children's Book's,Hardcover,531,2013,2013,,2025/04/14,,,read,,,,1,0
2767052,"The Hunger Games (The Hunger Games, #1)",Suzanne Collins,"Collins, Suzanne",,"=""0439023483""","=""9780439023481""",0,4.35,Scholastic Press,Hardcover,374,2008,2008,,2025/04/14,,,read,,,,1,0
6148028,"Catching Fire (The Hunger Games, #2)",Suzanne Collins,"Collins, Suzanne",,"=""0439023491""","=""9780439023498""",0,4.36,Scholastic Press,Hardcover,391,2009,2009,,2025/04/14,,,read,,,,1,0
7260188,"Mockingjay (The Hunger Games, #3)",Suzanne Collins,"Collins, Suzanne",,"=""0439023513""","=""9780439023511""",0,4.12,Scholastic Press,Hardcover,390,2010,2010,,2025/04/14,,,read,,,,1,0
13335037,"Divergent (Divergent, #1)",Veronica Roth,"Roth, Veronica",,"=""0062024035""","=""9780062024039""",0,4.13,Katherine Tegen Books,Paperback,487,2012,2011,,2025/04/14,,,read,,,,1,0
11735983,"Insurgent (Divergent, #2)",Veronica Roth,"Roth, Veronica",,"=""0007442912""","=""9780007442911""",0,3.96,HarperCollins Children's Books,Hardcover,525,2012,2012,,2025/04/14,,,read,,,,1,0
40097951,The Silent Patient,Alex Michaelides,"Michaelides, Alex",,"=""1250301696""","=""9781250301697""",0,4.17,Celadon Books,Hardcover,336,2019,2019,2025/03/31,2025/03/30,,,read,,,,1,0
8435445,"Scorpia Rising (Alex Rider, #9)",Anthony Horowitz,"Horowitz, Anthony",,"=""""","=""""",0,4.29,Philomel Books,Hardcover,416,2011,2011,,2025/04/14,,,read,,,,1,0
6566616,"Crocodile Tears (Alex Rider, #8)",Anthony Horowitz,"Horowitz, Anthony",,"=""0399250565""","=""9780399250569""",0,4.17,Philomel Books,Hardcover,385,2009,2009,,2025/04/14,,,read,,,,1,0
1821571,Snakehead (Alex Rider #7),Anthony Horowitz,"Horowitz, Anthony",,"=""1406309354""","=""9781406309355""",0,4.15,Walker Books,Hardcover,416,2007,2007,,2025/04/14,,,read,,,,1,0
94319,Ark Angel (Alex Rider #6),Anthony Horowitz,"Horowitz, Anthony",,"=""0142407380""","=""9780142407387""",0,4.12,Speak,Paperback,352,2007,2005,,2025/04/14,,,read,,,,1,0
542414,Scorpia (Alex Rider #5),Anthony Horowitz,"Horowitz, Anthony",,"=""0142405787""","=""9780142405789""",0,4.19,Puffin Books,Paperback,388,2006,2004,,2025/04/14,,,read,,,,1,0
175004,"Eagle Strike (Alex Rider, #4)",Anthony Horowitz,"Horowitz, Anthony",,"=""0142406139""","=""9780142406137""",0,4.12,Speak,Paperback,352,2006,2003,,2025/04/14,,,read,,,,1,0
103983,Skeleton Key (Alex Rider #3),Anthony Horowitz,"Horowitz, Anthony",,"=""0142406147""","=""9780142406144""",0,4.07,Philomel Books,Paperback,327,2006,2002,,2025/04/14,,,read,,,,1,0
224500,Point Blank (Alex Rider #2),Anthony Horowitz,"Horowitz, Anthony",,"=""0142406120""","=""9780142406120""",0,4.11,Penguin Puffin,Paperback,274,2001,2001,,2025/04/14,,,read,,,,1,0
136782,Stormbreaker (Alex Rider #1),Anthony Horowitz,"Horowitz, Anthony",,"=""014240165X""","=""9780142401651""",0,3.98,Penguin Books,Paperback,256,2004,2000,,2025/04/14,,,read,,,,1,0
17570996,"Bloodline (H.I.V.E., #9)",Mark Walden,"Walden, Mark",,"=""""","=""9781838488307""",0,4.32,Noodle Fuel,Paperback,276,2021,2021,,2025/04/14,,,read,,,,1,0
16100368,"Deadlock (H.I.V.E., #8)",Mark Walden,"Walden, Mark",,"=""""","=""9781408829646""",0,4.39,Bloomsbury Publishing,ebook,300,2013,2013,,2025/04/14,,,read,,,,1,0
10412949,"Aftershock (H.I.V.E., #7)",Mark Walden,"Walden, Mark",,"=""1408815648""","=""9781408815649""",0,4.32,Bloomsbury Publishing PLC,Paperback,278,2011,2011,,2025/04/14,,,read,,,,1,0
8431746,"Zero Hour (H.I.V.E., #6)",Mark Walden,"Walden, Mark",,"=""1408800160""","=""9781408800164""",0,4.32,Bloomsbury Publishing PLC,Paperback,286,2010,2010,,2025/04/14,,,read,,,,1,0
7937776,"Rogue (H.I.V.E., #5)",Mark Walden,"Walden, Mark",,"=""1408800152""","=""9781408800157""",0,4.30,Bloomsbury Publishing PLC,Paperback,296,2010,2010,,2025/04/14,,,read,,,,1,0
6275767,"Dreadnought (H.I.V.E., #4)",Mark Walden,"Walden, Mark",,"=""0747594848""","=""9780747594840""",0,4.27,Bloomsbury Publishing PLC,Paperback,298,2009,2009,,2025/04/14,,,read,,,,1,0
4617762,"Escape Velocity (H.I.V.E., #3)",Mark Walden,"Walden, Mark",,"=""0747594856""","=""9780747594857""",0,4.26,Bloomsbury Publishing PLC,Paperback,343,2008,2008,,2025/04/14,,,read,,,,1,0
1446826,"The Overlord Protocol (H.I.V.E., #2)",Mark Walden,"Walden, Mark",,"=""1416935738""","=""9781416935735""",0,4.22,Simon & Schuster Books for Young Readers,Hardcover,384,2008,2007,,2025/04/14,,,read,,,,1,0
1008231,"H.I.V.E. Higher Institute of Villainous Education (H.I.V.E., #1)",Mark Walden,"Walden, Mark",,"=""1416935711""","=""9781416935711""",0,4.07,Simon & Schuster Books for Young Readers,Hardcover,320,2007,2006,,2025/04/14,,,read,,,,1,0
19288043,Gone Girl,Gillian Flynn,"Flynn, Gillian",,"=""0307588378""","=""9780307588371""",0,4.15,Ballantine Books,Paperback,415,2014,2012,2025/04/14,2025/04/07,,,read,,,,1,0
35297426,Then She Was Gone,Lisa Jewell,"Jewell, Lisa",,"=""1501154648""","=""9781501154645""",0,4.04,Atria Books,Paperback,359,2018,2017,,2025/04/12,to-read,to-read (#6),to-read,,,,0,0
203742934,Coffin Dancer Header by Jeffrey Deaver (1998-11-05),Jeffery Deaver,"Deaver, Jeffery",,"=""""","=""""",0,4.16,Coronet Books,Hardcover,0,,1998,,2025/04/08,to-read,to-read (#5),to-read,,,,0,0
307791,"The City of Ember (Book of Ember, #1)",Jeanne DuPrau,"DuPrau, Jeanne",,"=""0375822747""","=""9780375822742""",0,3.90,Random House Children's Books,Paperback,270,2003,2003,,2025/04/02,,,read,,,,1,0
375802,"Ender’s Game (Ender's Saga, #1)",Orson Scott Card,"Card, Orson Scott",,"=""0812550706""","=""9780812550702""",0,4.31,Tor,Mass Market Paperback,324,2004,1985,,2025/04/02,,,read,,,,1,0
6411961,"The Lost Symbol (Robert Langdon, #3)",Dan    Brown,"Brown, Dan",,"=""0385504225""","=""9780385504225""",0,3.77,Doubleday,Hardcover,509,2009,2009,2025/04/02,2025/03/30,,,read,,,,1,0
16299,And Then There Were None,Agatha Christie,"Christie, Agatha",,"=""0312330871""","=""9780312330873""",0,4.27,St. Martin's Griffin,Paperback,264,2004,1939,,2025/03/30,to-read,to-read (#4),to-read,,,,0,0
11309018,"The Lost Stories (Ranger's Apprentice, #11)",John Flanagan,"Flanagan, John",,"=""0399256180""","=""9780399256189""",0,4.25,Philomel,Hardcover,422,2011,2011,,2025/03/20,to-read,to-read (#3),to-read,,,,1,0
11946245,"Nevermore (Maximum Ride, #8)",James  Patterson,"Patterson, James",,"=""0316101842""","=""9780316101844""",0,3.89,Little Brown and Company ,Hardcover,368,2012,2012,,2025/03/30,,,read,,,,1,0
7201913,"Angel (Maximum Ride, #7)",James  Patterson,"Patterson, James",,"=""0446545244""","=""9780446545242""",0,4.00,Pageturners,Paperback,298,2011,2011,,2025/03/30,,,read,,,,1,0
6431790,"Fang (Maximum Ride, #6)",James  Patterson,"Patterson, James",,"=""0316036196""","=""9780316036191""",0,4.05,"Little, Brown and Company",Hardcover,336,2010,2010,,2025/03/30,,,read,,,,1,0
1829709,"The Final Warning (Maximum Ride, #4)",James  Patterson,"Patterson, James",,"=""0316002860""","=""9780316002868""",0,3.85,Jimmy Patterson,Hardcover,256,2008,2008,,2025/03/30,,,read,,,,1,0
33676,"Saving the World and Other Extreme Sports (Maximum Ride, #3)",James  Patterson,"Patterson, James",,"=""0316155608""","=""9780316155601""",0,4.13,"Little, Brown and Company",Hardcover,405,2007,2007,,2025/03/30,,,read,,,,1,0
3393124,"Max (Maximum Ride, #5)",James  Patterson,"Patterson, James",,"=""0316002895""","=""9780316002899""",0,4.05,jimmy patterson,Hardcover,309,2009,2009,,2025/03/30,,,read,,,,1,0
13139,"School's Out—Forever (Maximum Ride, #2)",James  Patterson,"Patterson, James",,"=""0316155594""","=""9780316155595""",0,4.14,"Little, Brown and Company",Hardcover,409,2006,2006,,2025/03/30,,,read,,,,1,0
13152,"The Angel Experiment (Maximum Ride, #1)",James  Patterson,"Patterson, James",,"=""0446617792""","=""9780446617796""",0,4.07,Grand Central Publishing,Mass Market Paperback,445,2006,2005,,2025/03/30,,,read,,,,1,0
1317181,"Harry Potter and the Order of the Phoenix (Harry Potter, #5, Part 1)",J.K. Rowling,"Rowling, J.K.",,"=""185549664X""","=""9781855496644""",0,4.60,BBC Audiobooks,Audiobook,412,2003,2003,,2025/03/30,,,read,,,,1,0
58613345,"Harry Potter and the Half-Blood Prince (Harry Potter, #6)",J.K. Rowling,"Rowling, J.K.",Mary GrandPré,"=""""","=""""",0,4.58,Scholastic Inc.,Hardcover,672,2005,2005,,2025/03/30,,,read,,,,1,0
58613424,"Harry Potter and the Goblet of Fire (Harry Potter, #4)",J.K. Rowling,"Rowling, J.K.",Mary GrandPré,"=""""","=""""",0,4.57,Scholastic Inc.,Hardcover,752,2000,2000,,2025/03/30,,,read,,,,1,0
2,"Harry Potter and the Order of the Phoenix (Harry Potter, #5)",J.K. Rowling,"Rowling, J.K.",Mary GrandPré,"=""0439686520""","=""9780439686525""",0,4.50,Scholastic Inc.,Paperback,870,2004,2003,,2025/03/30,,,read,,,,1,0
5,"Harry Potter and the Prisoner of Azkaban (Harry Potter, #3)",J.K. Rowling,"Rowling, J.K.",Mary GrandPré,"=""043965548X""","=""9780439655484""",0,4.58,Scholastic Inc.,Mass Market Paperback,547,2004,1999,,2025/03/30,,,read,,,,1,0
42844155,"Harry Potter and the Philosopher's Stone (Harry Potter, #1)",J.K. Rowling,"Rowling, J.K.",Olly Moss,"=""""","=""""",0,4.47,Pottermore Publishing,Kindle Edition,333,2015,1997,,2025/03/30,,,read,,,,1,0
58613224,"Harry Potter and the Deathly Hallows (Harry Potter, #7)",J.K. Rowling,"Rowling, J.K.",Mary GrandPré,"=""0545010225""","=""9780545010221""",0,4.62,Scholastic Inc.,Hardcover,784,2007,2007,,2025/03/30,,,read,,,,1,0
15881,"Harry Potter and the Chamber of Secrets (Harry Potter, #2)",J.K. Rowling,"Rowling, J.K.",Mary GrandPré,"=""""","=""""",0,4.43,Arthur A. Levine Books,Hardcover,352,1999,1998,,2025/03/30,,,read,,,,1,0
23267628,"The Fever Code (The Maze Runner, #5)",James Dashner,"Dashner, James",,"=""0553513095""","=""9780553513097""",0,4.02,Delacorte Press,Hardcover,347,2016,2016,,2025/03/30,to-read,to-read (#2),to-read,,,,0,0
7864437,"The Death Cure (The Maze Runner, #3)",James Dashner,"Dashner, James",,"=""0385738773""","=""9780385738774""",0,3.78,Delacorte Books for Young Readers,Hardcover,325,2011,2011,,2025/03/30,,,read,,,,1,0
7631105,"The Scorch Trials (The Maze Runner, #2)",James Dashner,"Dashner, James",,"=""0385738757""","=""9780385738750""",0,3.89,Delacorte Press,Hardcover,362,2010,2010,,2025/03/30,,,read,,,,1,0
6186357,"The Maze Runner (The Maze Runner, #1)",James Dashner,"Dashner, James",,"=""0385737947""","=""9780385737944""",0,4.06,Delacorte Press,Hardcover,384,2009,2009,,2025/03/30,,,read,,,,1,0
113304,The Thief Lord,Cornelia Funke,"Funke, Cornelia",,"=""1903434777""","=""9781903434772""",0,3.99,Chicken House,Paperback,350,2002,2000,,2025/03/30,,,read,,,,1,0
22557272,The Girl on the Train,Paula Hawkins,"Hawkins, Paula",,"=""1594633665""","=""9781594633669""",0,3.96,Riverhead Books,Hardcover,336,2015,2015,,2025/03/30,,,read,,,,1,0
11588,"The Shining (The Shining, #1)",Stephen  King,"King, Stephen",,"=""0450040186""","=""9780450040184""",0,4.28,New English Library,Mass Market Paperback,497,1980,1977,,2025/03/24,to-read,to-read (#1),to-read,,,,0,0
32307358,"Origin (Robert Langdon, #5)",Dan    Brown,"Brown, Dan",,"=""""","=""""",0,3.90,Doubleday ,ebook,480,2017,2017,2025/03/25,2025/03/24,,,read,,,,1,0
17212231,"Inferno (Robert Langdon, #4)",Dan    Brown,"Brown, Dan",,"=""0385537859""","=""9780385537858""",0,3.90,Doubleday,Hardcover,463,2013,2013,2025/03/24,2025/03/22,,,read,,,,1,0
18291576,"Champion (Legend, #3)",Marie Lu,"Lu, Marie",,"=""1410462021""","=""9781410462022""",0,4.31,Thorndike Press,Library Binding,483,2013,2013,,2025/03/22,,,read,,,,1,0
16287469,"Prodigy (Legend, #2)",Marie Lu,"Lu, Marie",,"=""1410455122""","=""9781410455123""",0,4.22,Thorndike Press,Library Binding,522,2013,2013,,2025/03/22,,,read,,,,1,0
9275658,"Legend (Legend, #1)",Marie Lu,"Lu, Marie",,"=""""","=""""",0,4.15,Putnam Juvenile,Hardcover,305,2011,2011,2025/03/15,2025/03/22,,,read,,,,1,0
960,"Angels & Demons (Robert Langdon, #1)",Dan    Brown,"Brown, Dan",,"=""1416524797""","=""9781416524793""",0,3.95,Pocket Books,Paperback,736,2006,2000,2025/03/22,2025/03/19,,,read,,,,1,0
107291,Needful Things,Stephen  King,"King, Stephen",,"=""""","=""""",0,3.98,Hodder & Stoughton Ltd,Paperback,790,1992,1991,,2025/03/20,,,read,,,,1,0
10644930,11/22/63,Stephen  King,"King, Stephen",,"=""1451627289""","=""9781451627282""",0,4.35,Scribner,Hardcover,849,2011,2011,,2025/03/20,,,read,,,,1,0
4556058,"The Last Olympian (Percy Jackson and the Olympians, #5)",Rick Riordan,"Riordan, Rick",,"=""1423101472""","=""9781423101475""",0,4.55,Disney-Hyperion Books,Hardcover,381,2009,2009,,2025/03/20,,,read,,,,1,0
8130423,"The Battle of the Labyrinth (Percy Jackson and the Olympians, #4)",Rick Riordan,"Riordan, Rick",,"=""""","=""""",0,4.42,Disney Hyperion,Kindle Edition,361,2009,2008,,2025/03/20,,,read,,,,1,0
561456,"The Titan’s Curse (Percy Jackson and the Olympians, #3)",Rick Riordan,"Riordan, Rick",,"=""""","=""""",0,4.37,Puffin Books,Kindle Edition,352,2007,2007,,2025/03/20,,,read,,,,1,0
40727118,"The Sea of Monsters (Percy Jackson and the Olympians, #2)",Rick Riordan,"Riordan, Rick",مریم حیدری,"=""0120000318""","=""9780120000319""",0,4.24,Disney-Hyperion,Hardcover,279,,2006,,2025/03/20,,,read,,,,1,0
123675190,"The Lightning Thief (Percy Jackson and the Olympians, #1)",Rick Riordan,"Riordan, Rick",,"=""1368098169""","=""9781368098168""",0,4.31,Disney Hyperion,Paperback,416,2023,2005,,2025/03/20,,,read,,,,1,0
6348045,"Halt's Peril (Ranger's Apprentice, #9)",John Flanagan,"Flanagan, John",,"=""1741663024""","=""9781741663020""",0,4.39,Random House Australia,Paperback,441,2009,2009,,2025/03/20,,,read,,,,1,0
5201089,"The Kings of Clonmel (Ranger's Apprentice, #8)",John Flanagan,"Flanagan, John",,"=""1741663016""","=""9781741663013""",0,4.30,Random House,Paperback,320,2010,2008,,2025/03/20,,,read,,,,1,0
144350,"The Battle for Skandia (Ranger's Apprentice, #4)",John Flanagan,"Flanagan, John",,"=""0399244573""","=""9780399244575""",0,4.36,Viking Books for Young Readers,Hardcover,294,2008,2006,,2025/03/20,,,read,,,,1,0
2836109,"Erak's Ransom (Ranger's Apprentice, #7)",John Flanagan,"Flanagan, John",,"=""1741662095""","=""9781741662092""",0,4.33,Random House Australia,Paperback,441,2007,2007,,2025/03/20,,,read,,,,1,0
1524173,"The Sorcerer in the North (Ranger's Apprentice, #5)",John Flanagan,"Flanagan, John",,"=""1741661285""","=""9781741661286""",0,4.28,Penguin Group (USA),Paperback,304,2009,2006,,2025/03/20,,,read,,,,1,0
1814843,"The Siege of Macindaw (Ranger's Apprentice, #6)",John Flanagan,"Flanagan, John",,"=""174166134X""","=""9781741661347""",0,4.34,Puffin Books,Paperback,320,2006,2006,,2025/03/20,,,read,,,,1,0
7592279,"The Emperor of Nihon-Ja (Ranger's Apprentice, #10)",John Flanagan,"Flanagan, John",,"=""1741664489""","=""9781741664485""",0,4.41,Random House Australia,Paperback,489,2010,2011,,2025/03/20,,,read,,,,1,0
127823,"The Icebound Land (Ranger's Apprentice, #3)",John Flanagan,"Flanagan, John",,"=""0399244565""","=""9780399244568""",0,4.24,Viking Books for Young Readers,Hardcover,266,2007,2005,,2025/03/20,,,read,,,,1,0
144349,"The Burning Bridge (Ranger's Apprentice, #2)",John Flanagan,"Flanagan, John",,"=""0399244557""","=""9780399244551""",0,4.31,Viking Books for Young Readers,Hardcover,262,2006,2005,,2025/03/20,,,read,,,,1,0
60400,"The Ruins of Gorlan (Ranger's Apprentice, #1)",John Flanagan,"Flanagan, John",,"=""0142406635""","=""9780142406632""",0,4.26,Puffin Books,Paperback,249,2006,2004,,2025/03/20,,,read,,,,1,0
16280691,"Scourged (The Iron Druid Chronicles, #10)",Kevin Hearne,"Hearne, Kevin",,"=""034554854X""","=""9780345548542""",0,4.02,Del Rey,Hardcover,268,2018,2018,,2025/03/19,,,read,,,,1,0
16280689,"Staked (The Iron Druid Chronicles, #8)",Kevin Hearne,"Hearne, Kevin",,"=""0345548515""","=""9780345548511""",0,4.25,Del Rey,Hardcover,310,2016,2016,,2025/03/19,,,read,,,,1,0
16280678,"Shattered (The Iron Druid Chronicles, #7)",Kevin Hearne,"Hearne, Kevin",,"=""0345548485""","=""9780345548481""",0,4.28,Del Rey,Hardcover,352,2014,2014,,2025/03/19,,,read,,,,1,0
16071748,"Hunted (The Iron Druid Chronicles, #6)",Kevin Hearne,"Hearne, Kevin",,"=""0345533631""","=""9780345533630""",0,4.29,Del Rey,Mass Market Paperback,384,2013,2013,,2025/03/19,,,read,,,,1,0
9595620,"Hammered (The Iron Druid Chronicles, #3)",Kevin Hearne,"Hearne, Kevin",,"=""0345522486""","=""9780345522481""",0,4.21,Random House Publishing Group,Mass Market Paperback,336,2011,2011,,2025/03/19,,,read,,,,1,0
9533378,"Hounded (The Iron Druid Chronicles, #1)",Kevin Hearne,"Hearne, Kevin",,"=""0345522478""","=""9780345522474""",0,4.10,Del Rey,Mass Market Paperback,304,2011,2011,,2025/03/19,,,read,,,,1,0
9595650,"Hexed (The Iron Druid Chronicles, #2)",Kevin Hearne,"Hearne, Kevin",,"=""0345522494""","=""9780345522498""",0,4.22,Del Rey,Mass Market Paperback,296,2011,2011,,2025/03/19,,,read,,,,1,0
12700306,"Tricked (The Iron Druid Chronicles, #4)",Kevin Hearne,"Hearne, Kevin",,"=""0345533623""","=""9780345533623""",0,4.25,Random House Publishing Group,Mass Market Paperback,341,2012,2012,,2025/03/19,,,read,,,,1,0
13536649,"Trapped (The Iron Druid Chronicles, #5)",Kevin Hearne,"Hearne, Kevin",,"=""034553364X""","=""9780345533647""",0,4.27,Del Rey,Mass Market Paperback,290,2012,2012,,2025/03/19,,,read,,,,1,0
55019161,"The Da Vinci Code (Robert Langdon, #2)",Dan    Brown,"Brown, Dan",,"=""""","=""""",0,3.94,Anchor,Paperback,480,2020,2003,,2025/03/19,,,read,,,,0,0
6137154,"Fire (Graceling Realm, #2)",Kristin Cashore,"Cashore, Kristin",,"=""0803734611""","=""9780803734616""",0,4.09,Dial Books,Hardcover,480,2009,2009,,2025/03/19,,,read,,,,1,0
3236307,"Graceling (Graceling Realm, #1)",Kristin Cashore,"Cashore, Kristin",,"=""015206396X""","=""9780152063962""",0,4.06,Harcourt,Hardcover,471,2008,2008,,2025/03/19,,,read,,,,1,0
